{"0": 16.479999999999947, "1": 0.28000000000000014, "2": 0, "3": 0, "4": 0, "5": 0}